country,1960,1961,1962,1963,1964,1965,1966,1967,1968,1969,1970,1971,1972,1973,1974,1975,1976,1977,1978,1979,1980,1981,1982,1983,1984,1985,1986,1987,1988,1989,1990,1991,1992,1993,1994,1995,1996,1997,1998,1999,2000,2001,2002,2003,2004,2005,2006,2007,2008,2009,2010,2011,2012,2013,2014,2015,2016,2017
Afghanistan,0,,,,,0,,,,,0,,,,,0,0,0,0,0,0,0,0,0,0,0,0,0,0,0,0,0,0,0,0,0,0,0,0,0,0,0,0.114,0.867,2.49,4.79,9.73,17.5,28.9,37.5,35.5,46.4,50,53,56.2,58.4,62.3,67.4
Albania,0,,,,,0,,,,,0,,,,,0,0,0,0,0,0,0,0,0,0,0,0,0,0,0,0,0,0,0,0,0,0.0744,0.107,0.18,0.353,0.954,12.6,27.3,35.4,40.7,49.7,62.5,76.8,62.2,83.2,91.6,106,120,126,115,116,115,119
Algeria,0,,,,,0,,,,,0,,,,,0,0,0,0,0,0,0,0,0,0,0,0,0,0,0,0.00181,0.018,0.0176,0.0172,0.00475,0.0162,0.0398,0.0582,0.0593,0.234,0.276,0.317,1.41,4.47,14.9,41,62.2,80.4,77.5,92.3,90.8,96.7,99.9,103,111,108,116,121
Andorra,0,,,,,0,,,,,0,,,,,0,0,0,0,0,0,0,0,0,0,0,0,0,0,0,0,0,1.31,1.28,1.25,4.42,8.53,13.4,22,32,36,43.7,46.8,70.9,76.6,81.9,85.2,76.8,76.6,76.4,77.6,77.7,77.5,79.1,83.6,91.4,98.5,104
Angola,0,,,,,0,,,,,0,,,,,0,0,0,0,0,0,0,0,0,0,0,0,0,0,0,0,0,0,0.00821,0.0132,0.014,0.0225,0.0467,0.0633,0.15,0.157,0.442,0.797,1.92,3.92,8.24,15.1,23.6,31.1,36,40.2,49.9,50.9,51.1,52.2,49.8,45.1,44.7
Antigua and Barbuda,0,,,,,0,,,,,0,,,,,0,0,0,0,0,0,0,0,0,0,0,0,0,0,,0,,,,,,1.72,1.8,1.88,10.4,26.3,29.4,44.3,52.8,61.2,96.4,122,123,148,144,177,184,132,117,121,176,178,
Argentina,0,,,,,0,,,,,0,,,,,0,0,0,0,0,0,0,0,0,0,0,0,0,0,0.00713,0.0367,0.0753,0.138,0.328,0.698,1.16,1.88,5.61,7.37,10.5,17.5,18,17.3,20.5,34.9,56.6,79.7,101,115,129,138,146,153,158,142,142,145,140
Armenia,0,,,,,0,,,,,0,,,,,0,0,0,0,0,0,0,0,0,0,0,0,0,0,0,0,0,0,0,0,0,0.00947,0.16,0.252,0.264,0.57,0.836,2.35,3.79,6.78,10.7,42.6,64,49.6,75.9,134,112,115,116,119,119,117,119
Australia,0,,,,,0,,,,,0,,,,,0,0,0,0,0,0,0,0,0,0,0,0,0.0272,0.191,0.563,1.09,1.69,2.84,3.9,6.82,12.4,21.8,24.8,26.3,33.5,44.9,57.8,65.1,72.8,82.6,91,96,101,104,102,102,106,107,108,107,108,110,113
Austria,0,,,,,0,,,,,0,,,,,0,0,0,0,0,0,0,0,0,0,0.128,0.251,0.343,0.482,0.66,0.954,1.48,2.2,2.8,3.5,4.8,7.47,14.4,28.5,52.8,75.8,80.8,82.8,89,97.3,105,112,119,130,137,146,154,160,155,150,155,164,171
Azerbaijan,0,,,,,0,,,,,0,,,,,0,0,0,0,0,0,0,0,0,0,0,0,0,0,0,0,0,0,0,0.00651,0.0772,0.216,0.505,0.814,4.59,5.18,8.91,9.6,12.6,17.2,26.3,38.5,51.8,74.2,86.9,101,111,109,108,111,111,105,103
Bahamas,0,,,,,0,,,,,0,,,,,0,0,0,0,0,0,0,0,0,0,0,0,0,0,0,0.75,0.774,0.977,0.885,,1.46,1.74,2.16,2.78,5.42,10.6,20,39.4,38.7,57.7,69.2,75.3,109,103,101,119,81.5,80.6,76.1,82.4,80.4,92.1,89.4
Bahrain,0,,,,,0,,,,,0,,,,,0,0,0,0,0,0,0,0,0,0,0,0.143,0.381,0.62,0.884,1.04,1.44,1.85,2.12,3.21,4.9,6.93,9.84,15,21,31,42.9,52.9,56.9,78.3,86.3,94.7,108,129,118,126,132,163,168,174,184,210,158
Bangladesh,0,,,,,0,,,,,0,,,,,0,0,0,0,0,0,0,0,0,0,0,0,0,0,0,0,0,0.00022,0.00044,0.00095,0.00211,0.0033,0.021,0.0593,0.115,0.212,0.388,0.787,0.982,1.97,6.27,13.2,23.4,30,34.1,44.6,54.8,62.4,74,79.6,81.5,83.4,88.1
Barbados,0,,,,,0,,,,,0,,,,,0,0,0,0,0,0,0,0,0,0,0,0,0,0,0,0,0.186,0.304,0.593,1.12,1.74,2.36,3,4.48,7.55,10.5,19.6,35.8,51.4,73.3,75.2,86.2,93.3,104,121,125,124,124,109,108,118,117,118
Belarus,0,,,,,0,,,,,0,,,,,0,0,0,0,0,0,0,0,0,0,0,0,0,0,0,0,0,0,0.00318,0.0169,0.0581,0.0648,0.0811,0.121,0.235,0.497,1.4,4.72,11.5,23.1,42.6,62.2,73,85.5,102,109,113,113,117,120,121,121,121
Belgium,0,,,,,0,,,,,0,,,,,0,0,0,0,0,0,0,0,0,0,0,0.0382,0.0727,0.192,0.309,0.429,0.512,0.61,0.67,1.26,2.31,4.68,9.53,17.2,31.1,54.7,74.6,78.2,82.6,87.1,91.1,92.7,100,105,108,111,113,111,110,114,113,110,105
Belize,0,,,,,0,,,,,0,,,,,0,0,0,0,0,0,0,0,0,0,0,0,0,0,0,0,0,0,0.202,0.413,0.747,1.02,1.15,1.54,2.76,6.8,15.4,19.7,22.4,27.2,33.9,40.6,39.6,52.3,51.5,60.4,67.6,51.2,50.7,49,59,61.9,
Benin,0,,,,,0,,,,,0,,,,,0,0,0,0,0,0,0,0,0,0,0,0,0,0,0,0,0,0,0,0,0.0178,0.0444,0.0684,0.0972,0.109,0.808,1.77,3,3.14,5.93,7.47,12.8,24.3,41.7,56.3,76.9,82.1,86.4,96.2,84.2,88.1,81.8,78.5
Bhutan,0,,,,,0,,,,,0,,,,,0,0,0,0,0,0,0,0,0,0,0,0,0,0,0,0,0,0,0,0,0,0,0,0,0,0,0,0,0.362,2.99,5.48,12.2,21.8,36.2,47.4,54.2,65.4,74.5,71.2,80.4,85.8,87.5,90.5
Bolivia,0,,,,,0,,,,,0,,,,,0,0,0,0,0,0,0,0,0,0,0,0,0,0,0,0,0.00422,0.0217,0.0366,0.0547,0.0955,0.433,1.5,2.98,5.14,6.99,9.18,11.8,14.5,20.1,26.5,31,34.5,52.5,66.2,72.4,82.9,92.7,100,98.9,94.8,92.8,99.2
Bosnia and Herzegovina,0,,,,,0,,,,,0,,,,,0,0,0,0,0,0,0,0,0,0,0,0,0,0,0,0,0,0,0,0,0,0.0397,0.24,0.671,1.4,2.48,11.8,19.8,28.4,37.2,42.2,49.9,64.9,84.5,86.9,83.6,86,92,96.8,97.9,97.4,96.8,98.1
Botswana,0,,,,,0,,,,,0,,,,,0,0,0,0,0,0,0,0,0,0,0,0,0,0,0,0,0,0,0,0,0,0,0,0.91,5.41,12.9,18.9,18.7,24.7,28.6,30.4,43.7,60.2,76.3,94.7,117,141,147,153,157,157,146,141
Brazil,0,,,,,0,,,,,0,,,,,0,0,0,0,0,0,0,0,0,0,0,0,0,0,0,0.00045,0.00441,0.0207,0.116,0.359,0.792,1.51,2.72,4.33,8.7,13.2,16.2,19.4,25.4,35.5,46.1,52.9,63.3,78.1,86.9,100,118,124,134,137,125,118,113
Brunei,0,,,,,0,,,,,0,,,,,0,0,0,0,0,0,0,0,0,0,0,0,0,0,,0.685,1.14,1.5,2.95,5.4,12.1,14.3,14.4,15.4,20.2,28.5,42,44.3,50.2,56.3,63.8,81.4,97.7,105,108,112,112,118,116,110,111,124,127
Bulgaria,0,,,,,0,,,,,0,,,,,0,0,0,0,0,0,0,0,0,0,0,0,0,0,0,0,0,0,0.0117,0.0767,0.25,0.321,0.852,1.56,4.34,9.23,19.5,33,44.9,61.1,81.3,108,131,139,140,138,142,147,144,131,128,126,120
Burkina Faso,0,,,,,0,,,,,0,,,,,0,0,0,0,0,0,0,0,0,0,0,0,0,0,0,0,0,0,0,0,0,0.00506,0.0141,0.0249,0.0446,0.217,0.638,0.903,1.88,3.04,4.72,7.35,13,20.6,25.3,36.6,47.8,60.2,65.8,71,79.8,82.6,93.5
Burundi,0,,,,,0,,,,,0,,,,,0,0,0,0,0,0,0,0,0,0,0,0,0,0,0,0,0,0,0.00612,0.00644,0.00946,0.00929,0.0101,0.01,0.0127,0.255,0.51,0.771,0.92,1.4,2.06,2.61,3.4,5.85,10.8,19.1,21.2,24.1,26.4,32.3,49,50.9,54.5
Cambodia,0,,,,,0,,,,,0,,,,,0,0,0,0,0,0,0,0,0,0,0,0,0,0,0,0,0,0,0.0483,0.0993,0.132,0.21,0.297,0.529,0.75,1.07,1.8,3.01,3.88,6.59,8,12.8,18.9,30.5,44.5,57,94.6,129,135,134,134,126,116
Cameroon,0,,,,,0,,,,,0,,,,,0,0,0,0,0,0,0,0,0,0,0,0,0,0,0,0,0,0,0,0.0122,0.0208,0.0253,0.0296,0.0344,0.0403,0.676,2.66,4.36,6.52,9.03,12.9,17.5,24.7,32.6,41.2,43.2,51.1,62.2,72.3,76.6,79.5,79.9,81.9
Canada,0,,,,,0,,,,,0,,,,,0,0,0,0,0,0,0,0,0,0,0.0464,0.229,0.37,0.752,1.26,2.11,2.77,3.62,4.64,6.43,8.83,11.8,14,17.7,22.7,28.4,34.3,37.9,42,47,52.7,57.4,61.4,66.1,70.5,75.6,77.7,79.4,80.4,80.9,82.8,84.7,85.9
Cape Verde,0,,,,,0,,,,,0,,,,,0,0,0,0,0,0,0,0,0,0,0,0,0,0,0,0,0,0,0,0,0,0,0.0049,0.244,1.89,4.53,7.1,9.5,11.6,14.1,17.2,22.6,31.3,56.5,58.5,74,78,82.7,96,117,115,112,112
Central African Republic,0,,,,,0,,,,,0,,,,,0,0,0,0,0,0,0,0,0,0,0,0,0,0,0,0,0,0,0,0,0.00131,0.0312,0.0389,0.0454,0.113,0.132,0.287,0.322,1,1.48,2.42,2.62,7.95,13.1,19.6,22,22.2,25.5,30.2,25.6,27.3,27.2,
Chad,0,,,,,0,,,,,0,,,,,0,0,0,0,0,0,0,0,0,0,0,0,0,0,0,0,0,0,0,0,0,0,0,0,0,0.0659,0.254,0.38,0.695,1.27,2.09,4.47,8.52,14.4,19.8,24.2,29.8,34.6,34.7,38.7,39,38.6,
Chile,0,,,,,0,,,,,0,,,,,0,0,0,0,0,0,0,0,0,0,0,0,0,0,0.0375,0.105,0.269,0.471,0.614,0.821,1.38,2.2,2.79,6.48,15,22.3,33,40,46,58,65.5,76.3,84.6,88.8,97.7,117,130,138,135,134,131,130,127
China,0,,,,,0,,,,,0,,,,,0,0,0,0,0,0,0,0,0,0,0,0,0.00006,0.00028,0.00085,0.00156,0.004,0.0147,0.0524,0.128,0.293,0.548,1.05,1.88,3.39,6.64,11.2,15.9,20.7,25.5,29.8,34.7,40.9,47.7,55.3,63.2,72.1,80.9,88.9,92.5,92.5,97.3,105
Colombia,0,,,,,0,,,,,0,,,,,0,0,0,0,0,0,0,0,0,0,0,0,0,0,0,0,0,0,0,0.236,0.733,1.37,3.27,4.59,4.94,5.59,7.97,11.1,14.7,24.3,50.5,67.9,76.5,92.1,92.8,96.9,99.6,105,106,116,119,121,127
Comoros,0,,,,,0,,,,,0,,,,,0,0,0,0,0,0,0,0,0,0,0,0,0,0,0,0,0,0,0,0,0,0,0,0,0,0,0,0,0.343,1.4,2.54,5.89,9.68,14,18.2,24,30.6,39.2,46.9,50.4,54.6,57.1,54.9
"Congo, Dem. Rep.",0,,,,,0,,,,,0,,,,,0,0,0,0,0,0,0,0,0,0,0,0,0,0,0,0,0,,,,0.0204,0.0168,0.0203,0.0223,0.0261,0.0319,0.31,1.12,2.43,3.75,5.02,7.81,11.3,16.5,15.2,18.3,23.5,29.1,39.6,50.3,49.5,36.7,43.4
"Congo, Rep.",0,,,,,0,,,,,0,,,,,0,0,0,0,0,0,0,0,0,0,0,0,0,0,0,0,0,0,0,0,0,0.0347,,0.111,0.159,2.17,4.52,6.51,9.42,10.6,15,23.9,32.4,43.9,69.3,84.8,86.1,92.4,98.1,101,104,106,96.1
Costa Rica,0,,,,,0,,,,,0,,,,,0,0,0,0,0,0,0,0,0,0,0,0,0,0,0,0,0,0.0923,0.136,0.204,0.534,1.29,1.75,2.89,3.59,5.39,8.18,12.4,18.9,22,25.9,33.5,34.5,42.6,43.5,68.8,90.3,116,151,148,157,172,180
Cote d'Ivoire,0,,,,,0,,,,,0,,,,,0,0,0,0,0,0,0,0,0,0,0,0,0,0,0,0,0,0,0,0,0,0.0904,0.233,0.574,1.58,2.83,4.28,5.91,7.24,9.3,12.8,21.7,39.1,53.6,66.1,76.5,83,84.5,88.3,98.1,110,116,131
Croatia,0,,,,,0,,,,,0,,,,,0,0,0,0,0,0,0,0,0,0,0,0,0,0,0,0.00502,0.0424,0.134,0.242,0.465,0.73,1.42,2.66,4.06,6.62,23.3,39.8,52.6,57.8,64.7,83.4,101,115,105,108,114,119,116,110,105,104,105,103
Cuba,0,,,,,0,,,,,0,,,,,0,0,0,0,0,0,0,0,0,0,0,0,0,0,0,0,0,0.00218,0.00463,0.0106,0.0178,0.0221,0.0272,0.0367,0.0462,0.0586,0.0767,0.159,0.314,0.673,1.2,1.35,1.75,2.93,5.49,8.85,11.6,14.8,17.5,22.1,29.1,34.7,40.2
Cyprus,0,,,,,0,,,,,0,,,,,0,0,0,0,0,0,0,0,0,0,0,0,0,0.0228,0.179,0.412,0.655,1.22,1.87,2.74,5.2,8.11,10.3,12.8,16.4,23.1,32.7,42.7,55.3,64.8,75.8,82.8,93,129,121,125,128,129,128,130,132,133,138
Czech Republic,0,,,,,0,,,,,0,,,,,0,0,0,0,0,0,0,0,0,0,0,0,0,0,0,0,0.012,0.0449,0.136,0.294,0.472,1.94,5.09,9.35,18.9,42.2,67.6,84,94.8,105,115,120,128,132,125,123,125,128,129,131,117,118,119
Denmark,0,,,,,0,,,,,0,,,,,0,0,0,0,0,0,0,0.141,0.314,0.598,0.901,1.13,1.51,1.98,2.41,2.88,3.41,4.08,6.89,9.66,15.7,25.1,27.4,36.4,49.4,63,73.9,83.3,88.5,95.6,101,107,115,119,124,116,128,130,125,126,124,122,122
Djibouti,0,,,,,0,,,,,0,,,,,0,0,0,0,0,0,0,0,0,0,0,0,0,0,0,0,0,0,0,0,0,0.0171,0.0307,0.0323,0.04,0.0321,0.409,2.01,3.03,4.47,5.62,5.63,8.59,13.7,15.4,19.5,22.3,24.1,27.2,31.5,33.9,36.6,39
Dominica,0,,,,,0,,,,,0,,,,,0,0,0,0,0,0,0,0,0,0,0,0,0,0,0,0,0,0,0,0,0,0.648,0.786,0.925,1.14,1.72,11.1,17.4,33.9,59.4,73.6,101,125,128,138,148,152,152,129,102,106,107,
Dominican Republic,0,,,,,0,,,,,0,,,,,0,0,0,0,0,0,0,0,0,0,0,0,,,,0.0441,0.0765,0.0963,0.136,0.271,0.709,1.03,1.73,2.52,5.04,8.24,14.6,19.3,23.3,27.8,39.2,49.1,58,74.8,88.4,89.8,87.5,88,89.5,79.8,83.6,81.8,81.4
Ecuador,0,,,,,0,,,,,0,,,,,0,0,0,0,0,0,0,0,0,0,0,0,0,0,0,0,0,0,0,0.169,0.475,0.512,1.06,2,3.09,3.82,6.68,11.9,18,26.2,45.5,60.7,70,80.9,90.1,99,101,107,106,104,80.2,84.7,83.5
Egypt,0,,,,,0,,,,,0,,,,,0,0,0,0,0,0,0,0,0,0,0,0,0.00495,0.00554,0.00646,0.00697,0.00766,0.00818,0.0112,0.0118,0.0116,0.0114,0.0988,0.135,0.701,1.95,3.92,6.19,7.84,10.1,17.8,23,37.8,51,67.1,84,97.1,110,111,104,100,102,106
El Salvador,0,,,,,0,,,,,0,,,,,0,0,0,0,0,0,0,0,0,0,0,0,0,0,0,0,0,0,0.0298,0.0878,0.24,0.41,0.701,2.37,8.78,12.7,14.5,15,19.3,30.5,40,63.6,101,114,123,125,134,139,144,146,148,152,157
Equatorial Guinea,0,,,,,0,,,,,0,,,,,0,0,0,0,0,0,0,0,0,0,0,0,0,0,0,0,0,0,0,0,0,0.0116,0.0551,0.0524,0.102,0.814,2.34,4.8,5.97,8.54,12.8,15.1,18.1,20.7,22,42,48.2,48.2,47.1,45.7,45.4,47.1,
Eritrea,0,,,,,0,,,,,0,,,,,0,0,0,0,0,0,0,0,0,0,0,0,0,0,0,0,0,0,0,0,0,0,0,0,0,0,0,0,0,0.518,1.02,1.52,2.03,2.57,3.27,4.22,5.41,6.69,7.63,8.79,9.8,10.2,
Estonia,0,,,,,0,,,,,0,,,,,0,0,0,0,0,0,0,0,0,0,0,0,0,0,0,0,0.0368,0.164,0.485,0.945,2.13,4.9,10.2,17.6,27.6,39.8,46.8,63.7,76.5,92.1,107,123,125,121,118,124,136,151,146,144,145,145,145
Ethiopia,0,,,,,0,,,,,0,,,,,0,0,0,0,0,0,0,0,0,0,0,0,0,0,0,0,0,0,0,0,0,0,0,0,0.0104,0.0267,0.0401,0.0714,0.0707,0.208,0.535,1.1,1.49,2.35,4.74,7.82,15.7,22.2,27,31.3,42.4,50,59.7
Fiji,0,,,,,0,,,,,0,,,,,0,0,0,0,0,0,0,0,0,0,0,0,0,0,0,0,0,0,0,0.144,0.284,0.472,0.656,1,2.9,6.79,9.94,11,13.5,17.4,24.9,34.4,63.5,71.1,75.1,81.2,83.8,98.3,106,98.9,108,116,114
Finland,0,,,,,0,,,,,0,,,,,0,0,0,0,0,0.49,0.588,0.701,0.868,1.06,1.38,1.73,2.14,2.78,3.82,5.16,6.36,7.65,9.64,13.3,20.3,29.2,42,55.1,63.2,71.9,80.3,86.6,90.8,95.2,100,107,115,128,144,156,166,172,136,139,135,134,132
France,0,,,,,0,,,,,0,,,,,0,0,0,0,0,0,0,0,0,0,0,0.0163,0.07,0.175,0.315,0.497,0.655,0.76,0.991,1.52,2.24,4.21,9.9,19,36.1,48.7,61.8,64.1,68.9,73.2,78.5,83.9,89.3,93,92.4,91.7,94.4,97.8,99.1,102,103,104,106
Gabon,0,,,,,0,,,,,0,,,,,0,0,0,0,0,0,0,0,0,0,0,0,0,0,0,0,0,0.0279,0.116,0.244,0.368,0.61,0.832,0.828,0.74,9.75,11.9,21.6,22.6,35.9,52.5,62.2,78.5,84.6,91.4,98.2,140,146,151,156,146,150,132
Gambia,0,,,,,0,,,,,0,,,,,0,0,0,0,0,0,0,0,0,0,0,0,0,0,0,0,0,0.0208,0.0453,0.0783,0.135,0.282,0.42,0.435,0.444,0.455,4.34,7.63,11,12.5,17.1,27.1,52,73.4,80.1,87.4,80.2,84.7,99.4,119,137,139,
Georgia,0,,,,,0,,,,,0,,,,,0,0,0,0,0,0,0,0,0,0,0,0,0,0,0,0,0,0,0,0,0.00299,0.0465,0.615,1.24,2.79,4.12,6.45,10.9,15.5,18.5,26.2,38.4,59.2,63.5,66.2,94,106,114,123,135,140,141,146
Germany,0,,,,,0,,,,,0,,,,,0,0,0,0,0,0,0,0,0,0,0.00139,0.0306,0.0624,0.126,0.208,0.345,0.669,1.21,2.2,3.08,4.59,6.77,10.2,17.1,28.8,59.2,68.8,72.5,79.3,87.3,97.1,105,118,130,130,109,112,114,123,122,118,126,129
Ghana,0,,,,,0,,,,,0,,,,,0,0,0,0,0,0,0,0,0,0,0,0,0,0,0,0,0,0.00259,0.011,0.0204,0.037,0.0743,0.124,0.231,0.379,0.687,1.26,1.94,3.89,8.08,13.3,23.5,33.5,49.7,63.2,71.1,84.3,99.6,106,113,127,136,127
Greece,0,,,,,0,,,,,0,,,,,0,0,0,0,0,0,0,0,0,0,0,0,0,0,0,0,0,0,0.454,1.43,2.53,4.89,8.55,18.6,35.2,53.2,71.2,83,79.5,82.7,90.8,96.8,108,121,116,107,106,117,111,108,112,112,116
Grenada,0,,,,,0,,,,,0,,,,,0,0,0,0,0,0,0,0,0,0,0,0,0,0,0,0.156,0.152,0.186,0.287,0.352,0.399,0.566,0.965,1.39,1.98,4.23,6.3,7.4,41.3,42.2,45.5,44.7,49.6,57.8,110,116,115,123,126,110,112,111,105
Guatemala,0,,,,,0,,,,,0,,,,,0,0,0,0,0,0,0,0,0,0,0,0,0,0,0,0.00316,0.0129,0.0221,0.0301,0.103,0.288,0.408,0.59,1,2.97,7.35,9.61,12.9,16.3,24.8,34.4,53.6,86.8,107,121,123,130,136,139,106,111,110,118
Guinea,0,,,,,0,,,,,0,,,,,0,0,0,0,0,0,0,0,0,0,0,0,0,0,0,0,0,0,0.00059,0.0108,0.0121,0.0117,0.0344,0.254,0.291,0.478,0.621,0.993,1.2,1.63,1.95,,19.8,26.6,33.1,37.1,44,49.5,64.5,73.6,89,87.1,
Guinea-Bissau,0,,,,,0,,,,,0,,,,,0,0,0,0,0,0,0,0,0,0,0,0,0,0,0,0,0,0,0,0,0,0,0,0,0,0,0,0,0.0965,2.92,7.16,11.1,20.5,33.8,36.9,43.5,45.9,64,55.9,64.2,70,70.8,77.1
Guyana,0,,,,,0,,,,,0,,,,,0,0,0,0,0,0,0,0,0,0,0,0,0,0,0,0,0,0.112,0.137,0.165,0.163,0.158,0.184,0.192,0.373,5.29,10,10.6,18.3,22.8,37.5,53.4,72,60,65.5,75.1,70.6,72.6,73.2,74.3,70.6,75.6,82.7
Haiti,0,,,,,0,,,,,0,,,,,0,0,0,0,0,0,0,0,0,0,0,0,0,0,0,0,0,0,0,0,0,0,0,0.121,0.297,0.643,1.05,1.58,3.56,4.39,5.4,12.8,26.2,33,37,40,41.4,59.2,68.6,64,68.2,60,59.1
Honduras,0,,,,,0,,,,,0,,,,,0,0,0,0,0,0,0,0,0,0,0,0,0,0,0,0,0,0,0,0,0,0.0394,0.239,0.564,1.24,2.38,3.55,4.76,5.39,9.82,17.4,29.7,54.3,78.9,104,116,96.5,86.6,89.7,87.7,89.8,86,88.9
Hungary,0,,,,,0,,,,,0,,,,,0,0,0,0,0,0,0,0,0,0,0,0,0,0,0,0.0255,0.0818,0.225,0.441,1.38,2.56,4.58,6.85,10.4,15.9,30.1,48.7,67.7,78.3,86.3,92.4,99.1,110,122,118,121,118,117,118,119,120,121,124
Iceland,0,,,,,0,,,,,0,,,,,0,0,0,0,0,0,0,0,0,0,0,1.08,2.03,2.61,3.13,3.92,5,5.86,6.63,8.24,11.5,17.3,24,37.9,62.1,76.6,87.7,91.3,97.1,99.6,96,101,107,108,107,106,106,108,109,113,116,121,123
India,0,,,,,0,,,,,0,,,,,0,0,0,0,0,0,0,0,0,0,0,0,0,0,0,0,0,0,0,0,0.00798,0.0335,0.0884,0.118,0.182,0.34,0.61,1.19,3.04,4.64,7.88,14.3,19.8,29,43.2,61.1,71.7,68.5,69.3,73,76.5,85.2,87.3
Indonesia,0,,,,,0,,,,,0,,,,,0,0,0,0,0,0,0,0,0,0.00108,0.00123,0.00269,0.00368,0.00515,0.00725,0.00997,0.0133,0.0189,0.028,0.0402,0.107,0.281,0.452,0.518,1.06,1.73,3.04,5.38,8.39,13.6,20.7,27.8,40.1,59.5,68.4,87.1,102,113,124,128,131,148,174
Iran,0,,,,,0,,,,,0,,,,,0,0,0,0,0,0,0,0,0,0,0,0,0,0,0,0,0,0,0,0.0154,0.0262,0.0974,0.381,0.61,0.754,1.46,3.11,3.35,5.01,7.29,12.1,21.6,41.3,59,71.3,72.5,74.2,76.1,84.3,87.9,93.5,100,107
Iraq,0,,,,,0,,,,,0,,,,,0,0,0,0,0,0,0,0,0,0,0,0,0,0,0,0,0,0,0,0,0,0,0,0,0,0,0,0.0802,0.312,2.18,5.68,33.7,49.4,60.2,67.3,75.6,80.4,81.6,95.8,94.3,92.9,89.9,87.1
Ireland,0,,,,,0,,,,,0,,,,,0,0,0,0,0,0,0,0,0,0,0.00842,0.042,0.0973,0.177,0.381,0.7,0.895,1.23,1.69,2.43,4.33,7.84,14.7,25.2,44.2,63.9,76,75.4,86.4,93.5,101,109,113,112,103,102,105,107,104,105,104,103,103
Israel,,,,,,,,,,,,,,,,,,,,,,,,,,,,,,,0.339,0.495,0.751,1.29,2.58,8.35,19.1,29.7,37.2,48.9,73.2,89.7,101,104,112,117,124,129,127,124,123,122,120,121,120,131,129,127
Italy,0,,,,,0,,,,,0,,,,,0,0,0,0,0,0,0,0,0,0,0.0112,0.0158,0.029,0.0589,0.116,0.466,0.994,1.37,2.11,3.91,6.85,11.2,20.5,35.8,53,73.7,89.1,93.8,97.6,107,122,136,151,152,151,157,161,163,162,151,147,145,141
Jamaica,0,,,,,0,,,,,0,,,,,0,0,0,0,0,0,0,0,0,0,0,0,0,0,0,0,0.1,0.309,0.612,1.04,1.78,2.13,2.55,3.01,5.48,13.8,22.3,46.2,58.1,67.3,72.2,82.4,96.7,97.6,105,113,104,95.6,99.8,105,109,113,107
Japan,0,,,,,0,,,,,0,,,,,0,0,0,0,0,0,0.0112,0.0166,0.0226,0.0333,0.0507,0.0776,0.122,0.197,0.395,0.697,1.1,1.37,1.7,3.44,9.27,21.2,30.1,37.2,44.6,52.4,58.6,63.4,67.7,71.3,75.2,77.7,83.5,85.9,90.5,95.9,103,110,115,123,125,131,133
Jordan,0,,,,,0,,,,,0,,,,,0,0,0,0,0,0,0,0,0,0,0,0,0,0,0,0.0404,0.0389,0.0368,0.0348,0.0329,0.259,0.511,0.932,1.67,2.36,7.62,16.7,23.1,24.6,29.3,54.9,73.2,77,81.9,88.2,92.2,98.8,112,123,126,151,104,
Kazakhstan,0,,,,,0,,,,,0,,,,,0,0,0,0,0,0,0,0,0,0,0,0,0,0,0,0,0,0,0,0.00247,0.0287,0.0619,0.0719,0.193,0.326,1.31,3.87,6.8,8.74,15.9,34.7,49.6,77.8,93.2,105,118,152,179,176,164,148,142,145
Kenya,0,,,,,0,,,,,0,,,,,0,0,0,0,0,0,0,0,0,0,0,0,0,0,0,0,0,0.00441,0.00451,0.0075,0.00833,0.01,0.0234,0.0361,0.0776,0.405,1.86,3.57,4.66,7.26,12.8,19.8,29.8,41.6,48.1,60.4,66.1,70.4,71,73.1,79.8,80.4,86.1
Kiribati,0,,,,,0,,,,,0,,,,,0,0,0,0,0,0,0,0,0,0,0,0,0,0,0,0,0,0,0,0,0,0,0,0.027,0.241,0.355,0.46,0.567,0.592,0.679,0.704,0.743,0.779,1.02,9.85,10.3,13.2,16.9,18.4,27.2,36.5,45.5,39.6
Kuwait,0,,,,,0,,,,,0,,,,,0,0,0,0,0,0,0,0,0,0,0,0.447,0.736,0.858,1.07,0.988,2.11,2.66,3.62,5.12,7.3,9.26,12.2,13.6,15.3,23.2,41.6,57.2,65.5,80.4,60.7,49.6,57,56.6,92.9,133,155,150,178,201,149,133,124
Kyrgyz Republic,0,,,,,0,,,,,0,,,,,0,0,0,0,0,0,0,0,0,0,0,0,0,0,0,0,0,0,0,0,0,0,0,0.0282,0.0529,0.183,0.544,1.06,2.76,5.23,10.7,24.6,41.8,64.5,84,97.3,114,122,119,131,129,128,122
Lao,0,,,,,0,,,,,0,,,,,0,0,0,0,0,0,0,0,0,0,0,0,0,0,0,0,0,0.00644,0.00735,0.0132,0.0317,0.0765,0.0972,0.125,0.23,0.238,0.546,1,2.01,3.6,11.4,17.3,24.8,33.4,52.6,64.1,86.5,67,71,70.2,55.9,58.6,54.1
Latvia,0,,,,,0,,,,,0,,,,,0,0,0,0,0,0,0,0,0,0,0,0,0,0,0,0,0,0.0392,0.147,0.329,0.598,1.15,3.14,6.89,11.4,16.8,27.8,39.3,52.9,67.4,83.1,98.1,101,106,107,109,110,127,125,118,130,134,126
Lebanon,0,,,,,0,,,,,0,,,,,0,0,0,0,0,0,0,0,0,0,0,0,0,0,0,0,0,0,0,0,3.96,6.45,12.1,16.2,19.9,23,22.8,22,21.5,22.9,24.9,27.3,30.8,34.7,57.1,66,75.3,76.4,73.6,78.3,79.6,81.4,
Lesotho,0,,,,,0,,,,,0,,,,,0,0,0,0,0,0,0,0,0,0,0,0,0,0,0,0,0,0,0,0,0,0.0706,0.193,0.537,0.648,1.16,3.02,7.25,6.57,10.1,12.8,18.2,24.3,29.7,32.7,48.4,59.7,73.9,84.6,99.7,98.4,104,107
Liberia,0,,,,,0,,,,,0,,,,,0,0,0,0,0,0,0,0,0,0,0,0,0,0,0,0,0,0,0,0,0,0,0,0,0,0.052,0.0669,0.163,1.52,2.97,4.91,8.29,16,23.3,28.5,39.8,49.6,56.9,59.5,73.5,81.2,67.6,
Libya,0,,,,,0,,,,,0,,,,,0,0,0,0,0,0,0,0,0,0,0,0,0,0,0,0,0,0,0,0,0,0,0.195,0.385,0.569,0.747,0.919,1.27,2.26,8.76,34.5,66.8,75.4,122,156,177,161,155,165,137,156,122,
Liechtenstein,,,,,,,,,,,,,,,,,,,,,,,,,,,,,,,0,,,,,,,,23.2,27.4,30,32.7,33.5,72.8,73.7,78.9,81.9,90.6,95.7,97.9,98.6,102,98.7,104,109,109,118,123
Lithuania,0,,,,,0,,,,,0,,,,,0,0,0,0,0,0,0,0,0,0,0,0,0,0,0,0,0,0.00724,0.0338,0.124,0.408,1.41,4.62,7.53,9.41,15,29.3,47.8,61.6,90.2,130,143,151,156,157,157,160,165,152,144,143,145,151
Luxembourg,0,,,,,0,,,,,0,,,,,0,0,0,0,0,0,0,0,0,0,0.0109,0.0792,0.101,0.145,0.176,0.216,0.295,0.286,1.28,3.2,6.58,10.9,16,30.6,48.5,69.5,92.9,107,120,104,111,153,144,146,145,143,147,143,145,144,142,133,136
"Macedonia, FYR",0,,,,,0,,,,,0,,,,,0,0,0,0,0,0,0,0,0,0,0,0,0,0,0,0,0,0,0,0,0,0.0532,0.618,1.5,2.41,5.69,10.9,17.8,37.8,47.9,54.9,61.3,86.9,95.2,93.9,104,107,108,108,107,100,98.5,102
Madagascar,0,,,,,0,,,,,0,,,,,0,0,0,0,0,0,0,0,0,0,0,0,0,0,0,0,0,0,0,0.0023,0.00965,0.0165,0.0286,0.0863,0.234,0.4,0.907,0.972,1.64,1.88,2.78,5.54,11.4,24.2,30.5,36.5,39.9,39.3,36.8,41.2,44.1,32.1,34.1
Malawi,0,,,,,0,,,,,0,,,,,0,0,0,0,0,0,0,0,0,0,0,0,0,0,0,0,0,0,0,0,0.00386,0.0366,0.0674,0.0981,0.204,0.431,0.476,0.716,1.1,1.75,3.23,4.62,7.59,10.6,16.9,20.6,25.3,28.9,31.9,33,37.4,39.7,41.7
Malaysia,0,,,,,0,,,,,0,,,,,0,0,0,0,0,0,0,0,0,0,,0.0674,0.105,0.16,0.225,0.48,0.702,1.05,1.74,2.86,4.9,7.23,9.27,9.95,13.2,22.1,31.2,37.4,45.1,58,76.2,74.4,87.7,102,109,120,128,142,145,149,144,139,134
Maldives,0,,,,,0,,,,,0,,,,,0,0,0,0,0,0,0,0,0,0,0,0,0,0,0,0,0,0,0,0,0,0.00771,0.488,0.597,1.07,2.72,6.58,14.2,22,36.5,63.9,82.8,93.3,126,129,136,141,145,157,163,177,190,206
Mali,0,,,,,0,,,,,0,,,,,0,0,0,0,0,0,0,0,0,0,0,0,0,0,0,0,0,0,0,0,0,0.012,0.0281,0.0431,0.0599,0.0948,0.212,0.395,2.06,3.28,5.95,11.4,18.5,24.3,30.5,49.4,69.6,91.3,120,139,130,112,
Malta,0,,,,,0,,,,,0,,,,,0,0,0,0,0,0,0,0,0,0,0,0,0,0,0,0,0.62,0.944,1.42,1.99,2.84,3.26,4.57,5.77,9.53,28.9,60,69,71.9,75.6,79.6,84.9,89.8,93.6,102,109,125,126,132,128,123,131,130
Marshall Islands,0,,,,,0,,,,,0,,,,,0,0,0,0,0,0,0,0,0,0,0,0,0,0,0,0,0,0,0,0.554,0.517,0.71,0.901,0.664,0.851,0.857,0.937,1.06,1.15,1.24,1.27,,,,,,,,,29.3,29.2,,
Mauritania,0,,,,,0,,,,,0,,,,,0,0,0,0,0,0,0,0,0,0,0,0,0,0,0,0,0,0,0,0,0,0,0,0,0,0.565,3.96,8.6,11.9,17.2,23.8,32.9,42.7,61.4,62.2,76.9,89.2,105,101,92.4,87.1,84,92.2
Mauritius,0,,,,,0,,,,,0,,,,,0,0,0,0,0,0,0,0,0,0,0,0,0,0,0,0.208,0.234,0.269,0.367,0.512,1.04,1.83,3.68,5.19,8.69,15.2,22.8,28.9,38.2,45.1,53.8,62.9,75.3,83.4,87.4,95.4,103,119,122,131,140,144,145
Mexico,0,,,,,0,,,,,0,,,,,0,0,0,0,0,0,0,0,0,0,0,0,0,0.00183,0.0102,0.0749,0.185,0.352,0.426,0.616,0.732,1.07,1.79,3.39,7.71,13.8,21.1,24.8,28.5,35.9,43.4,50.3,59.5,66.3,72,77.9,79.4,83.4,87.1,84.5,85.5,87.6,88.5
"Micronesia, Fed. Sts.",0,,,,,0,,,,,0,,,,,0,0,0,0,0,0,0,0,0,0,0,0,0,0,0,0,0,0,0,0,0,0,0,0,0,0,0,0.0935,5.49,12,13.3,17.6,26.1,26.3,26.5,26.6,26.7,30.2,30.3,,21.5,22.3,21.9
Moldova,0,,,,,0,,,,,0,,,,,0,0,0,0,0,0,0,0,0,0,0,0,0,0,0,0,0,0,0,0,0.00032,0.0213,0.0513,0.165,0.426,3.31,5.38,8.1,11.4,18.9,26.2,32.8,45.6,58.9,52.2,62.4,78.9,88,90.8,91.8,91.3,93.3,90.4
Monaco,0,,,,,0,,,,,0,,,,,0,0,0,0,0,0,0,0,0,0,0,0,0,0,0,0,0,0,3.82,8.41,9.79,17.4,23,36.4,41.1,43.4,44.2,45.6,45.8,47.3,50.9,53.2,58.1,61.4,63,63.1,84.8,87.9,93.4,88.3,88.8,86.5,85.2
Mongolia,0,,,,,0,,,,,0,,,,,0,0,0,0,0,0,0,0,0,0,0,0,0,0,0,0,0,0,0,0,0,0.0389,0.0856,0.383,1.45,6.45,8.06,8.84,12.9,17.2,22.1,30.3,46.1,67.1,84.3,92.5,107,120,100,104,103,111,126
Montenegro,,,,,,,,,,,,,,,,,,,,,,,,,,,,,,,,,,,,,,,,,,,,,78.6,88.1,104,145,186,208,187,185,158,158,161,160,166,166
Morocco,0,,,,,0,,,,,0,,,,,0,0,0,0,0,0,0,0,0,0,0,0,0.00026,0.00044,0.00287,0.00363,0.00592,0.0125,0.0256,0.0517,0.109,0.156,0.268,0.414,1.29,8.12,16.4,21,24.7,30.9,40.6,51.8,64.1,72.2,79.1,98.7,111,117,125,129,124,118,123
Mozambique,0,,,,,0,,,,,0,,,,,0,0,0,0,0,0,0,0,0,0,0,0,0,0,0,0,0,0,0,0,0,0,0.015,0.0392,0.0696,0.283,0.821,1.33,2.21,3.49,7.19,10.9,13.9,19.3,25.4,29.8,31.5,34.3,46.9,67.9,71.9,52.1,40
Myanmar,0,,,,,0,,,,,0,,,,,0,0,0,0,0,0,0,0,0,0,0,0,0,0,0,0,0,0,0.00152,0.0045,0.0064,0.0166,0.0191,0.0189,0.025,0.0291,0.0486,0.102,0.14,0.192,0.265,0.439,0.504,0.743,1.01,1.18,2.46,7.31,13.3,55.9,78.2,95.7,89.8
Namibia,0,,,,,0,,,,,0,,,,,0,0,0,0,0,0,0,0,0,0,0,0,0,0,0,0,0,0,0,0,0.211,0.389,0.711,1.08,1.61,4.32,5.51,7.64,11.3,14.2,22.1,29.6,38.5,49.9,76.3,89.7,99,94.8,118,113,105,107,105
Nauru,0,,,,,0,,,,,0,,,,,0,0,0,0,0,0,0,0,0,0,0,0,0,0,0,0,0,0,1.54,4.57,5.02,5.98,7.46,8.46,9.96,12,14.9,,,,,,,,,61.8,65.6,64.9,,,83.5,87.2,
Nepal,0,,,,,0,,,,,0,,,,,0,0,0,0,0,0,0,0,0,0,0,0,0,0,0,0,0,0,0,0,0,0,0,0,0.0236,0.0431,0.0715,0.0891,0.328,0.461,0.887,4.46,12.5,15.9,20.9,34,48.9,60.1,76.3,81.3,96,111,123
Netherlands,0,,,,,0,,,,,0,,,,,0,0,0,0,0,0,0,0,0,,0.0331,0.105,0.165,0.223,0.377,0.528,0.763,1.09,1.41,2.09,3.48,6.53,11,21.3,42.6,67.5,76.2,75.1,81.5,90.9,96.7,105,117,124,121,115,118,117,116,116,123,123,121
New Zealand,0,,,,,0,,,,,0,,,,,0,0,0,0,0,0,0,0,0,0,0,0,0.0725,0.3,0.86,1.59,2.1,2.86,4.03,6.6,9.93,13.3,15.1,20.9,36.5,40,58.5,61.8,64.6,74.2,85.4,90.8,100,108,109,108,109,110,106,112,121,124,136
Nicaragua,0,,,,,0,,,,,0,,,,,0,0,0,0,0,0,0,0,0,0,0,0,0,0,0,0,0,0,0.00732,0.0483,0.0954,0.108,0.158,0.376,0.894,1.8,3.23,4.59,8.91,13.9,20.8,33.6,45.3,55.6,59,69.1,83.1,99.6,115,118,119,126,132
Niger,0,,,,,0,,,,,0,,,,,0,0,0,0,0,0,0,0,0,0,0,0,0,0,0,0,0,0,0,0,0,0,0.00096,0.0128,0.02,0.0181,0.0181,0.471,0.651,1.31,2.38,3.42,6.14,12.5,16.4,22.3,27.8,30.4,38,43,45,36.1,40.9
Nigeria,0,,,,,0,,,,,0,,,,,0,0,0,0,0,0,0,0,0,0,0,0,0,0,0,0,0,0,0.00881,0.0121,0.012,0.0126,0.0132,0.0172,0.0209,0.0245,0.212,1.22,2.39,6.76,13.4,22.7,27.6,41.9,48.3,55.1,58.4,67.4,74.1,78.7,83.2,83,75.9
North Korea,0,,,,,0,,,,,0,,,,,0,0,0,0,0,0,0,0,0,0,0,0,0,0,0,0,0,0,0,0,0,0,0,0,0,0,0,0,0,0,0,0,0,0,0.283,1.76,4.04,6.84,9.69,11.1,12.8,14.2,
Norway,0,,,,,0,,,,,0,,,,,0,0,0,0,0,0,0.0407,0.269,0.569,0.944,1.52,2.09,2.87,3.62,3.97,4.63,5.49,6.59,8.6,13.6,22.5,28.7,37.9,46.6,59.5,71.7,79.4,83.4,88.9,98.4,103,104,107,109,111,115,116,116,112,112,110,109,108
Oman,0,,,,,0,,,,,0,,,,,0,0,0,0,0,0,0,0,0,0,0.00347,0.0478,0.0716,0.102,0.12,0.151,0.194,0.238,0.271,0.314,0.365,0.671,2.36,4.35,5.37,7.14,14.1,19.8,24.9,33,53.1,70.4,93.9,117,138,151,149,152,151,156,158,155,150
Pakistan,0,,,,,0,,,,,0,,,,,0,0,0,0,0,0,0,0,0,0,0,0,0,0,0,0.00186,0.00768,0.0119,0.0137,0.0206,0.0333,0.054,0.105,0.148,0.196,0.221,0.524,1.17,1.63,3.33,8.3,22,39.2,53.8,56.5,58.2,62.5,67.5,70.3,73.2,66.5,70.6,73.4
Palau,,,,,,,,,,,,,,,,,,,,,,,,,,,,,,,,,,,,,,,,,,,12.6,19.9,19.8,30.4,41.7,53.1,57.7,62.6,70.9,75,82.6,85.8,90.6,112,,
Palestine,,,,,,,,,,,,,,,,,,,,,,,,,,,,,,,0,,0,0,0,,,,,,0.22,5.32,7.45,7.68,12.5,15.9,22.5,27.2,34.1,45.5,64,69,73,72.3,70.5,75.7,77.5,84
Panama,0,,,,,0,,,,,0,,,,,0,0,0,0,0,0,0,0,0,0,0,0,0,0,0,0,0,0,0,0,0,0.25,0.823,2.95,7.84,13.5,15.4,16.7,21.6,38.5,52.5,64.1,87.2,111,169,182,182,165,162,177,145,127,146
Papua New Guinea,0,,,,,0,,,,,0,,,,,0,0,0,0,0,0,0,0,0,0,0,0,0,0,0,0,0,0,0,0,0,0.0455,0.0748,0.105,0.13,0.154,0.187,0.256,0.291,0.784,1.19,1.55,4.53,12.9,20.4,26.9,33,36.5,39.5,43.3,45,46.8,
Paraguay,0,,,,,0,,,,,0,,,,,0,0,0,0,0,0,0,0,0,0,0,0,0,0,0,0,0,0.0338,0.0746,0.165,0.332,0.675,1.69,4.55,8.38,15.5,21.3,30.3,31.6,30.7,32.6,55,78.7,95.8,91.7,95.3,104,106,109,111,112,111,110
Peru,0,,,,,0,,,,,0,,,,,0,0,0,0,0,0,0,0,0,0,0,0,0,0,0,0.00756,0.0256,0.0948,0.157,0.221,0.306,0.822,1.7,2.95,3.96,4.92,6.83,8.67,10.9,15,20.2,32.6,54.5,73.2,85.2,99.1,109,97.4,97.5,103,109,116,121
Philippines,0,,,,,0,,,,,0,,,,,0,0,0,0,0,0,0,0,0,0,0,0,0,0,0,0,0.0545,0.0861,0.154,0.252,0.707,1.34,1.84,2.32,3.73,8.28,15.3,18.9,27.1,38.9,40.3,48.8,64.2,75.1,82,88.7,98.9,105,104,111,116,116,110
Poland,0,,,,,0,,,,,0,,,,,0,0,0,0,0,0,0,0,0,0,0,0,0,0,0,0,0,0.00575,0.041,0.101,0.195,0.563,2.11,5,10.3,17.5,26,36.1,45.3,60.2,76,95.8,108,115,117,123,131,141,149,149,143,139,131
Portugal,0,,,,,0,,,,,0,,,,,0,0,0,0,0,0,0,0,0,0,0,0,0,0,0.028,0.0653,0.126,0.372,1.01,1.72,3.36,6.51,14.7,29.9,45.3,64.4,76.7,83,95.4,100,108,115,127,132,111,115,116,113,114,114,112,112,114
Qatar,0,,,,,0,,,,,0,,,,,0,0,0,0,0,0,0,,,,,,,,,0.8,0.832,0.854,0.855,2.27,3.6,5.51,8.13,11.9,14.8,20.4,28.8,41.3,54.7,64.6,82.9,91,106,103,123,123,118,123,147,139,151,142,148
Romania,0,,,,,0,,,,,0,,,,,0,0,0,0,0,0,0,0,0,0,0,0,0,0,0,0,0,0,0.00344,0.012,0.0395,0.0746,0.888,2.86,6.08,11.3,17.5,23.4,32.4,47.3,62.3,75.3,97,118,122,119,115,113,114,115,116,116,115
Russia,0,,,,,0,,,,,0,,,,,0,0,0,0,0,0,0,0,0,0,0,0,0,0,0,0,0.0002,0.00405,0.00674,0.0187,0.0597,0.151,0.328,0.507,0.933,2.23,5.32,12.1,25,51.2,83.6,105,120,139,161,166,142,145,152,154,158,159,158
Rwanda,0,,,,,0,,,,,0,,,,,0,0,0,0,0,0,0,0,0,0,0,0,0,0,0,0,0,0,0,0,0,0,0,0.0708,0.145,0.486,0.78,0.965,1.51,1.56,2.48,3.41,6.72,13.6,24.3,34.6,42.3,52.7,60.5,68.3,75.3,74.9,72.2
Samoa,0,,,,,0,,,,,0,,,,,0,0,0,0,0,0,0,0,0,0,0,0,0,0,0,0,0,0,0,0,0,0,0.445,0.856,1.4,1.43,1.42,1.53,5.91,8.95,13.3,25.1,47.2,,,48.3,,53,52.4,55.4,62.2,77.4,63.2
San Marino,,,,,,,,,,,,,,,,,,,,,,,,,,,,,,,0,,3.64,5.17,7.45,9.04,8.7,8.87,18.6,35.4,52.9,57.1,59.6,59.3,59.2,58.7,58.7,58.4,80.4,97.5,98.3,113,113,114,115,111,110,114
Sao Tome and Principe,0,,,,,0,,,,,0,,,,,0,0,0,0,0,0,0,0,0,0,0,0,0,0,0,0,0,0,0,0,0,0,0,0,0,0,0,1.37,3.25,5.1,7.68,11.6,18.5,30.3,47.3,58.8,64.3,66.8,67,67.2,94.6,89.1,85
Saudi Arabia,,,,,,,,,,,,,,,,,,,,,,,,,,,,,,,0.091,0.0909,0.0911,0.0891,0.0872,0.0854,0.997,1.7,3.16,4.12,6.63,11.9,22.9,32.1,39.5,59.3,80.2,112,139,168,188,191,182,177,171,167,149,122
Senegal,0,,,,,0,,,,,0,,,,,0,0,0,0,0,0,0,0,0,0,0,0,0,0,0,0,0,0,0,0.00115,0.00139,0.0157,0.0755,0.292,0.911,2.53,2.98,5.32,7.33,10.2,15.4,25.8,30.6,44.2,55,64.6,70.3,83.7,93,98.9,99.9,98.5,99.4
Serbia,,,,,,,,,,,,,,,,,,,,,,,,,,,,,,,,,,,,,,,,,,,,,51.1,73.7,89.4,114,131,135,136,141,128,129,132,130,130,124
Seychelles,0,,,,,0,,,,,0,,,,,0,0,0,0,0,0,0,0,0,0,0,0,0,0,0,0,0,0,0,0,0.0652,1.34,2.86,6.55,20.4,32,44.4,53.1,57.3,62.1,66.3,78.5,85.6,103,122,129,138,148,147,162,158,161,177
Sierra Leone,0,,,,,0,,,,,0,,,,,0,0,0,0,0,0,0,0,0,0,0,0,0,0,0,0,0,0,0,0,0,0,0,0,0,0.262,0.568,1.35,2.18,,,,12.9,16.4,18.4,31,32.3,32.7,57.8,67.2,78.2,84.9,
Singapore,0,,,,,0,,,,,0,,,,,0,0,0,0,0,0,0,0,0,,,,,0.376,0.894,1.72,2.65,3.76,5.44,6.96,8.8,12.1,23.3,29.3,42.7,70.2,74.4,80.2,84.2,91.3,97.6,104,125,132,139,146,151,153,157,149,149,150,148
Slovak Republic,0,,,,,0,,,,,0,,,,,0,0,0,0,0,0,0,0,0,0,0,0,0,0,0,0,0.00224,0.0288,0.0584,0.111,0.229,0.532,3.71,8.63,12.3,23,39.8,54.1,68.1,79.2,84.1,90.6,112,102,102,110,111,113,114,117,123,128,131
Slovenia,0,,,,,0,,,,,0,,,,,0,0,0,0,0,0,0,0,0,0,0,0,0,0,0,0,0.0261,0.175,0.325,0.818,1.37,2.07,4.71,8.13,31.8,61.1,73.9,83.9,87.4,92.8,88.1,90.8,95.8,101,103,104,106,109,111,112,113,115,117
Solomon Islands,0,,,,,0,,,,,0,,,,,0,0,0,0,0,0,0,0,0,0,0,0,0,0,0,0,0,0,0,0.0412,0.064,0.0912,0.173,0.18,0.272,0.279,0.228,0.23,0.237,0.655,1.28,1.45,2.21,5.95,9.69,21.9,50.9,54.8,57.3,65.5,72.3,69.5,76.1
Somalia,0,,,,,0,,,,,0,,,,,0,0,0,0,0,0,0,0,0,0,0,0,0,0,0,0,0,0,0,0,0,0,0,0,0,0.888,0.915,1.05,2.03,4.94,4.8,5.13,5.44,5.51,5.47,5.38,14.5,18,39.5,40.7,42,46.5,
South Africa,0,,,,,0,,,,,0,,,,,0,0,0,0,0,0,0,0,0,0,0,0,0,0,0.0108,0.0151,0.0185,0.0318,0.0993,0.825,1.27,2.22,4.21,7.52,11.5,18.2,23.3,29.1,35.4,43.2,69.6,80.3,84.8,89.3,91.1,97.6,122,129,143,145,159,147,162
South Korea,0,,,,,0,,,,,0,,,,,0,0,0,0,0,0,0,0,0,,,0.0172,0.0246,0.0483,0.0935,0.186,0.383,0.62,1.06,2.14,3.62,6.95,14.9,30.1,49.9,56.6,60.9,67.4,69.6,75.4,78.7,82.2,90.4,92.7,97.1,102,106,107,109,114,116,121,125
South Sudan,,,,,,,,,,,,,,,,,,,,,,,,,,,,,,,,,,,,,,,,,,,,,,,,,,,14.9,17.2,21.3,25.5,24.9,24.4,22.1,12
Spain,0,,,,,0,,,,,0,,,,,0,0,0,0,0,0,0,0,,,,0.00436,0.0107,0.0297,0.0759,0.139,0.275,0.456,0.649,1.04,2.37,7.49,10.8,16,37,59.3,71.6,79.9,87.3,89.1,96.9,102,107,108,110,110,112,108,107,109,110,111,113
Sri Lanka,0,,,,,0,,,,,0,,,,,0,0,0,0,0,0,0,0,0,0,0,0,0,0,0,0.00583,0.0103,0.0149,0.0819,0.161,0.281,0.387,0.622,0.938,1.37,2.29,3.53,4.89,7.25,11.4,17.2,27.5,40.3,55.6,81.2,85.9,90.2,94.7,99,107,115,124,135
St. Kitts and Nevis,0,,,,,0,,,,,0,,,,,0,0,0,0,0,0,0,0,0,0,0,0,0,0,0,0,,,,,,0.692,0.468,0.993,1.56,2.64,4.57,10.7,46.5,60.5,105,104,130,148,148,156,148,145,145,121,134,140,139
St. Lucia,0,,,,,0,,,,,0,,,,,0,0,0,0,0,0,0,0,0,0,0,0,0,0,0,0,,,,0.361,0.68,0.94,1.06,1.24,1.48,1.59,1.7,8.96,61.5,62.2,64.5,63.8,87.9,103,111,115,125,124,121,107,106,99.2,98.8
St. Vincent and the Grenadines,0,,,,,0,,,,,0,,,,,0,0,0,0,0,0,0,0,0,0,0,0,0,0,0,0,,0.0648,0.0768,0.139,0.199,0.259,0.32,0.695,1.32,2.19,6.94,9.23,58.1,66.3,64.9,80.5,101,119,111,121,121,116,115,105,104,103,106
Sudan,0,,,,,0,,,,,0,,,,,0,0,0,0,0,0,0,0,0,0,0,0,0,0,0,0,0,0,0,0,0,0.00888,0.0149,0.0331,0.0489,0.0844,0.372,0.665,1.79,3.47,5.91,14.8,25.5,36.4,45.6,52.6,71.2,76.9,75.1,73.7,72.3,70.3,70.7
Suriname,0,,,,,0,,,,,0,,,,,0,0,0,0,0,0,0,0,0,0,0,0,0,0,0,0,0,0,0.251,0.316,0.38,0.537,0.495,1.3,3.75,8.69,18.2,22.4,34.5,43.1,46.7,63.5,74.6,128,147,99.1,100,106,160,169,136,145,141
Swaziland,0,,,,,0,,,,,0,,,,,0,0,0,0,0,0,0,0,0,0,0,0,0,0,0,0,0,0,0,0,0,0,0,0.458,1.34,3.11,5.13,6.29,7.82,13.2,18.1,22.3,33.4,45.9,56.3,60.3,62.6,64.5,70.2,70.8,71.3,74.1,
Sweden,0,,,,,0,,,,,0,,,,,0,0,0,0,0,0,0.245,0.327,0.436,0.694,0.873,1.34,2.05,2.87,4.1,5.38,6.59,7.55,8.85,15.7,22.7,28.1,35.7,46.3,57.8,71.7,80.7,89.1,98.3,97.7,101,106,110,108,112,117,121,124,125,127,129,128,125
Switzerland,0,,,,,0,,,,,0,,,,,0,0,0,0,0,0,0,0,0,0,0,0,0.0838,0.468,1.1,1.87,2.59,3.16,3.74,4.77,6.37,9.39,14.7,23.9,42.8,64.7,73.2,79.2,84.9,85.4,92.2,99.4,109,116,120,123,127,131,136,135,135,134,133
Syria,0,,,,,0,,,,,0,,,,,0,0,0,0,0,0,0,0,0,0,0,0,0,0,0,0,0,0,0,0,0,0,0,0,0.025,0.183,1.19,2.34,6.8,13.2,16.1,24.7,31.8,34.7,48.1,55.6,61.9,63.6,62,73.1,76.4,72.4,85.7
Tajikistan,0,,,,,0,,,,,0,,,,,0,0,0,0,0,0,0,0,0,0,0,0,0,0,0,0,0,0,0,0,0,0.00174,0.00539,0.00697,0.0102,0.0187,0.0258,0.205,0.724,2.01,3.87,30.7,29.8,50.3,65.6,77.7,80.9,81.7,92.2,95.7,99.3,108,
Tanzania,0,,,,,0,,,,,0,,,,,0,0,0,0,0,0,0,0,0,0,0,0,0,0,0,0,0,0,0,0.00128,0.0117,0.0293,0.0639,0.117,0.153,0.323,0.785,1.68,3.49,5.08,7.52,13.8,19.7,30.1,39.1,45.5,54,55.5,54.2,61,73.6,72.1,69.7
Thailand,0,,,,,0,,,,,0,,,,,0,0,0,0,0,0,0,0,0,0,0,0.00155,0.0109,0.032,0.0716,0.112,0.216,0.433,0.709,1.25,2.18,3.07,3.62,3.21,3.75,4.85,11.9,27.2,33.5,41.5,46.6,61,80,92.9,98.6,107,115,125,138,142,150,174,176
Timor-Leste,,,,,,,,,,,,,,,,,,,,,,,,,,,,,,,0,,,,,,,,,,,,,2.09,2.58,3.22,4.68,7.34,11.6,32.1,42.6,54.3,53.7,54.9,113,111,118,119
Togo,0,,,,,0,,,,,0,,,,,0,0,0,0,0,0,0,0,0,0,0,0,0,0,0,0,0,0,0,0,0,0,0.066,0.16,0.352,1.01,1.86,3.14,4.52,6.01,7.63,12.1,19.8,25.1,34.6,40,40.4,48.3,60.5,62.5,65.5,72.4,79.8
Tonga,0,,,,,0,,,,,0,,,,,0,0,0,0,0,0,0,0,0,0,0,0,0,0,0,0,0,0,0,0,0.312,0.313,0.124,0.134,0.143,0.184,0.239,3.38,11.2,16.3,29.6,29.6,45.5,49,51.2,52.1,52.6,53.4,54.6,64.3,69.1,74.7,
Trinidad and Tobago,0,,,,,0,,,,,0,,,,,0,0,0,0,0,0,0,0,0,0,0,0,0,0,0,0,0.0346,0.103,0.135,0.208,0.506,0.758,1.36,2.08,3.06,12.8,20.1,20.6,26.2,50.5,71.3,117,115,137,140,143,137,140,144,146,156,159,148
Tunisia,0,,,,,0,,,,,0,,,,,0,0,0,0,0,0,0,0,0,0,,,0.00291,0.00509,0.0079,0.0116,0.0147,0.0229,0.0258,0.0302,0.035,0.0702,0.0816,0.411,0.575,1.23,3.98,5.82,19.3,37.3,56.2,72,76.2,82.7,93.1,104,115,118,115,128,129,125,124
Turkey,0,,,,,0,,,,,0,,,,,0,0,0,0,0,0,0,0,0,0,0,0.00073,0.00998,0.0189,0.0295,0.059,0.0872,0.11,0.149,0.304,0.747,1.36,2.67,5.72,13,25.5,30.5,35.8,42.2,51.8,64.2,76.6,89,93.4,88,85.4,89,90.8,91.9,93.3,94.1,94.4,96.4
Turkmenistan,0,,,,,0,,,,,0,,,,,0,0,0,0,0,0,0,0,0,0,0,0,0,0,0,0,0,0,0,0,0,0,0.0574,0.068,0.0896,0.166,0.179,0.177,0.197,1.07,2.21,4.51,7.84,23,42.6,62.9,102,112,114,132,141,151,
Tuvalu,0,,,,,0,,,,,0,,,,,0,0,0,0,0,0,0,0,0,0,0,0,0,0,0,0,0,0,0,0,0,0,0,0,0,0,0,0,0,5.05,13,15.8,17.6,,9.58,15.2,20,26.1,31.4,34.8,60,68.5,
Uganda,0,,,,,0,,,,,0,,,,,0,0,0,0,0,0,0,0,0,0,0,0,0,0,0,0,0,0,0,0,0.0085,0.0189,0.0229,0.133,0.242,0.528,1.14,1.53,2.92,4.23,4.61,6.8,13.7,27,28.6,37.8,47.6,45.1,48.1,52.4,50.4,55,58.2
Ukraine,0,,,,,0,,,,,0,,,,,0,0,0,0,0,0,0,0,0,0,0,0,0,0,0,0,0,0,0.00013,0.00978,0.0275,0.0593,0.114,0.232,0.439,1.68,4.6,7.7,13.7,29.1,64,105,119,121,119,118,122,131,138,144,144,135,133
United Arab Emirates,,,,,,,,,,,,,,,,,,,,,,,0.196,0.284,0.374,0.57,0.76,0.879,0.835,1.42,1.81,2.18,2.34,3.2,3.93,5.27,7.54,11.5,17.4,27.9,45.3,57.4,69.2,79.4,90.1,99,105,128,136,139,132,135,155,178,185,196,215,211
United Kingdom,0,,,,,0,,,,,0,,,,,0,0,0,0,0,0,0,0,0,0,0.0886,0.23,0.511,0.985,1.71,1.95,2.2,2.62,3.93,6.82,9.89,12.5,15.2,25.4,46.3,73.7,78.2,82.9,91.1,99.7,109,115,120,121,122,121,121,122,122,121,121,120,120
United States,0,,,,,0,,,,,0,,,,,0,0,0,0,0,0,,,,0.0384,0.141,0.28,0.502,0.835,1.4,2.09,2.96,4.29,6.16,9.19,12.7,16.4,20.3,25.1,30.9,38.8,45.1,49.3,55.4,63.2,69,77.1,82.9,86.1,89.6,92.4,95.6,97.3,98.5,112,119,123,122
Uruguay,0,,,,,0,,,,,0,,,,,0,0,0,0,0,0,0,0,0,0,0,0,0,0,0,0,0,0.0543,0.156,0.213,1.24,2.42,3.03,4.6,9.64,12.4,15.6,15.4,15,18,34.7,69.9,90,105,122,131,141,147,155,161,151,149,147
Uzbekistan,0,,,,,0,,,,,0,,,,,0,0,0,0,0,0,0,0,0,0,0,0,0,0,0,0,0,0,0.00228,0.00403,0.0163,0.0408,0.0727,0.111,0.165,0.214,0.508,0.733,1.24,2.08,2.72,9.41,20.9,44.7,58.3,73.2,87.5,68.6,71.6,70.9,70.3,74,76
Vanuatu,0,,,,,0,,,,,0,,,,,0,0,0,0,0,0,0,0,0,0,0,0,0,0,0,0,0,0,0,0.039,0.0719,0.0896,0.118,0.124,0.165,0.197,0.185,2.53,3.92,5.15,6.06,6.99,11.8,16,57.1,71.9,56.6,59,50.3,60.3,66.1,80.8,82.5
Venezuela,0,,,,,0,,,,,0,,,,,0,0,0,0,0,0,0,0,0,0,0,0,0,0.00952,0.019,0.0374,0.0816,0.378,0.859,1.47,1.82,2.57,4.64,8.53,15.8,22.2,25.9,25.7,27.1,32,46.7,69,86,97.4,98.4,96,97.7,102,102,99.3,93.4,87.4,76.6
Vietnam,0,,,,,0,,,,,0,,,,,0,0,0,0,0,0,0,0,0,0,0,0,0,0,0,0,0,0.00112,0.0056,0.0169,0.0313,0.0902,0.207,0.284,0.414,0.982,1.54,2.32,3.31,5.94,11.4,22.2,52.4,86.4,112,126,142,146,135,147,129,128,126
Yemen,0,,,,,0,,,,,0,,,,,0,0,0,0,0,0,0,0,0,0,0,0,0,0,0,0,0,0.0116,0.0369,0.0558,0.0539,0.0554,0.0746,0.0956,0.159,0.179,0.804,2.57,3.47,7.37,11.1,14.1,20,28.8,36.2,47,48.1,55.8,65.9,65.2,55.8,59.6,
Zambia,0,,,,,0,,,,,0,,,,,0,0,0,0,0,0,0,0,0,0,0,0,0,0,0,0,0,0,0,0,0.0169,0.029,0.0471,0.083,0.275,0.939,1.12,1.25,2.11,3.96,7.88,13.4,20.7,27.1,32.7,39.3,57.2,71.6,68.6,64.8,71.8,72.4,78.6
Zimbabwe,0,,,,,0,,,,,0,,,,,0,0,0,0,0,0,0,0,0,0,0,0,0,0,0,0,0,0,0,0,0,0,0.049,0.16,1.44,2.18,2.54,2.71,2.88,3.33,5,6.47,9.19,12.2,28.9,54.7,63.9,85.7,90.6,76.6,80.9,79.7,85.3
